-- MySQL dump 10.13  Distrib 8.0.21, for macos10.15 (x86_64)
--
-- Host: 127.0.0.1    Database: shop
-- ------------------------------------------------------
-- Server version	8.0.23

/*!40101 SET @OLD_CHARACTER_SET_CLIENT=@@CHARACTER_SET_CLIENT */;
/*!40101 SET @OLD_CHARACTER_SET_RESULTS=@@CHARACTER_SET_RESULTS */;
/*!40101 SET @OLD_COLLATION_CONNECTION=@@COLLATION_CONNECTION */;
/*!50503 SET NAMES utf8 */;
/*!40103 SET @OLD_TIME_ZONE=@@TIME_ZONE */;
/*!40103 SET TIME_ZONE='+00:00' */;
/*!40014 SET @OLD_UNIQUE_CHECKS=@@UNIQUE_CHECKS, UNIQUE_CHECKS=0 */;
/*!40014 SET @OLD_FOREIGN_KEY_CHECKS=@@FOREIGN_KEY_CHECKS, FOREIGN_KEY_CHECKS=0 */;
/*!40101 SET @OLD_SQL_MODE=@@SQL_MODE, SQL_MODE='NO_AUTO_VALUE_ON_ZERO' */;
/*!40111 SET @OLD_SQL_NOTES=@@SQL_NOTES, SQL_NOTES=0 */;

--
-- Table structure for table `category`
--

DROP TABLE IF EXISTS `category`;
/*!40101 SET @saved_cs_client     = @@character_set_client */;
/*!50503 SET character_set_client = utf8mb4 */;
CREATE TABLE `category` (
  `id` int NOT NULL AUTO_INCREMENT,
  `category` varchar(255) DEFAULT NULL,
  PRIMARY KEY (`id`)
) ENGINE=InnoDB AUTO_INCREMENT=5 DEFAULT CHARSET=utf8;
/*!40101 SET character_set_client = @saved_cs_client */;

--
-- Dumping data for table `category`
--

LOCK TABLES `category` WRITE;
/*!40000 ALTER TABLE `category` DISABLE KEYS */;
INSERT INTO `category` VALUES (1,'Хүнс'),(2,'Хувцас'),(3,'Элекрон бараа'),(4,'Гоо сайхан');
/*!40000 ALTER TABLE `category` ENABLE KEYS */;
UNLOCK TABLES;

--
-- Table structure for table `customer`
--

DROP TABLE IF EXISTS `customer`;
/*!40101 SET @saved_cs_client     = @@character_set_client */;
/*!50503 SET character_set_client = utf8mb4 */;
CREATE TABLE `customer` (
  `id` int NOT NULL AUTO_INCREMENT,
  `first_name` varchar(255) DEFAULT NULL,
  `last_name` varchar(255) DEFAULT NULL,
  `phone_number` varchar(45) DEFAULT NULL,
  `province_id` int DEFAULT NULL,
  `region_id` int DEFAULT NULL,
  `sug_region_id` int DEFAULT NULL,
  `birthday` date DEFAULT NULL,
  PRIMARY KEY (`id`),
  KEY `sub_region_idx` (`sug_region_id`)
) ENGINE=InnoDB AUTO_INCREMENT=4 DEFAULT CHARSET=utf8;
/*!40101 SET character_set_client = @saved_cs_client */;

--
-- Dumping data for table `customer`
--

LOCK TABLES `customer` WRITE;
/*!40000 ALTER TABLE `customer` DISABLE KEYS */;
INSERT INTO `customer` VALUES (1,'Дорж','Бат','88998899',22,338,1582,'2020-01-01'),(2,'Дулам','Дорж','99988998',22,335,1588,'2012-01-02'),(3,'Даваа','Бат','98989898',1,2,10,'2021-06-01');
/*!40000 ALTER TABLE `customer` ENABLE KEYS */;
UNLOCK TABLES;

--
-- Table structure for table `customer_order`
--

DROP TABLE IF EXISTS `customer_order`;
/*!40101 SET @saved_cs_client     = @@character_set_client */;
/*!50503 SET character_set_client = utf8mb4 */;
CREATE TABLE `customer_order` (
  `id` int NOT NULL AUTO_INCREMENT,
  `customer_id` int DEFAULT NULL,
  `created_at` datetime DEFAULT NULL,
  `updated_at` datetime DEFAULT NULL,
  PRIMARY KEY (`id`),
  KEY `cutomer_idx` (`customer_id`)
) ENGINE=InnoDB AUTO_INCREMENT=5 DEFAULT CHARSET=utf8;
/*!40101 SET character_set_client = @saved_cs_client */;

--
-- Dumping data for table `customer_order`
--

LOCK TABLES `customer_order` WRITE;
/*!40000 ALTER TABLE `customer_order` DISABLE KEYS */;
INSERT INTO `customer_order` VALUES (1,3,'2021-06-05 10:23:59','2021-06-05 10:26:07'),(2,2,'2021-06-05 10:24:31','2021-06-05 10:26:02'),(3,1,'2021-06-05 10:26:42','2021-06-05 10:26:42'),(4,2,'2021-06-05 10:28:05','2021-06-05 10:28:05');
/*!40000 ALTER TABLE `customer_order` ENABLE KEYS */;
UNLOCK TABLES;

--
-- Table structure for table `order_product`
--

DROP TABLE IF EXISTS `order_product`;
/*!40101 SET @saved_cs_client     = @@character_set_client */;
/*!50503 SET character_set_client = utf8mb4 */;
CREATE TABLE `order_product` (
  `id` int NOT NULL AUTO_INCREMENT,
  `category_id` int DEFAULT NULL,
  `product_id` int DEFAULT NULL,
  `order_id` int DEFAULT NULL,
  `qty` int DEFAULT NULL,
  PRIMARY KEY (`id`),
  KEY `order_idx` (`order_id`)
) ENGINE=InnoDB AUTO_INCREMENT=11 DEFAULT CHARSET=utf8;
/*!40101 SET character_set_client = @saved_cs_client */;

--
-- Dumping data for table `order_product`
--

LOCK TABLES `order_product` WRITE;
/*!40000 ALTER TABLE `order_product` DISABLE KEYS */;
INSERT INTO `order_product` VALUES (1,3,3,1,1),(2,3,4,1,2),(3,3,4,2,2),(4,1,2,2,3),(5,2,5,2,1),(6,2,6,3,4),(7,3,4,3,1),(8,2,5,3,2),(9,2,6,4,1),(10,2,5,4,1);
/*!40000 ALTER TABLE `order_product` ENABLE KEYS */;
UNLOCK TABLES;

--
-- Table structure for table `product`
--

DROP TABLE IF EXISTS `product`;
/*!40101 SET @saved_cs_client     = @@character_set_client */;
/*!50503 SET character_set_client = utf8mb4 */;
CREATE TABLE `product` (
  `id` int NOT NULL AUTO_INCREMENT,
  `category_id` int DEFAULT NULL,
  `name` varchar(255) DEFAULT NULL,
  `description` text,
  `price` float DEFAULT NULL,
  `created_at` datetime DEFAULT NULL,
  `updated_at` datetime DEFAULT NULL,
  PRIMARY KEY (`id`),
  KEY `fk_product_category_idx` (`category_id`)
) ENGINE=InnoDB AUTO_INCREMENT=7 DEFAULT CHARSET=utf8;
/*!40101 SET character_set_client = @saved_cs_client */;

--
-- Dumping data for table `product`
--

LOCK TABLES `product` WRITE;
/*!40000 ALTER TABLE `product` DISABLE KEYS */;
INSERT INTO `product` VALUES (1,1,'Үхрийн мах','Үхрийн цул мах',12000,'2021-06-05 10:15:16','2021-06-05 10:15:16'),(2,1,'Алтан тариа гурил','Алтан тариа гурил',2500,'2021-06-05 10:15:45','2021-06-05 10:15:45'),(3,3,'ТВ','ТВ',1000000,'2021-06-05 10:16:03','2021-06-05 10:16:03'),(4,3,' Гар утас',' Гар утас',500000,'2021-06-05 10:16:24','2021-06-05 10:16:24'),(5,2,'Малгай','Малгай',500000,'2021-06-05 10:16:37','2021-06-05 10:16:37'),(6,2,'Гутал','Гутал',100000,'2021-06-05 10:16:57','2021-06-05 10:16:57');
/*!40000 ALTER TABLE `product` ENABLE KEYS */;
UNLOCK TABLES;

--
-- Table structure for table `province`
--

DROP TABLE IF EXISTS `province`;
/*!40101 SET @saved_cs_client     = @@character_set_client */;
/*!50503 SET character_set_client = utf8mb4 */;
CREATE TABLE `province` (
  `id` int NOT NULL AUTO_INCREMENT,
  `province` varchar(255) CHARACTER SET utf8 COLLATE utf8_unicode_ci NOT NULL,
  PRIMARY KEY (`id`)
) ENGINE=InnoDB AUTO_INCREMENT=23 DEFAULT CHARSET=utf8 COLLATE=utf8_unicode_ci;
/*!40101 SET character_set_client = @saved_cs_client */;

--
-- Dumping data for table `province`
--

LOCK TABLES `province` WRITE;
/*!40000 ALTER TABLE `province` DISABLE KEYS */;
INSERT INTO `province` VALUES (1,'Архангай'),(2,'Баян Өлгий'),(3,'Баянхонгор'),(4,'Булган'),(5,'Говь Алтай'),(6,'Дорноговь'),(7,'Дорнод'),(8,'Сүхбаатар'),(9,'Хэнтий'),(10,'Төв'),(11,'Говьсүмбэр'),(12,'Сэлэнгэ'),(13,'Дархан Уул'),(14,'Өмнөговь'),(15,'Дундговь'),(16,'Орхон'),(17,'Өвөрхангай'),(18,'Хөвсгөл'),(19,'Ховд'),(20,'Увс'),(21,'Завхан'),(22,'Улаанбаатар');
/*!40000 ALTER TABLE `province` ENABLE KEYS */;
UNLOCK TABLES;

--
-- Table structure for table `region`
--

DROP TABLE IF EXISTS `region`;
/*!40101 SET @saved_cs_client     = @@character_set_client */;
/*!50503 SET character_set_client = utf8mb4 */;
CREATE TABLE `region` (
  `id` int NOT NULL AUTO_INCREMENT,
  `province_id` int NOT NULL,
  `region` varchar(120) CHARACTER SET utf8 COLLATE utf8_unicode_ci NOT NULL,
  PRIMARY KEY (`id`),
  KEY `province_idx` (`province_id`)
) ENGINE=InnoDB AUTO_INCREMENT=340 DEFAULT CHARSET=utf8 COLLATE=utf8_unicode_ci;
/*!40101 SET character_set_client = @saved_cs_client */;

--
-- Dumping data for table `region`
--

LOCK TABLES `region` WRITE;
/*!40000 ALTER TABLE `region` DISABLE KEYS */;
INSERT INTO `region` VALUES (1,1,'Цахир'),(2,1,'Батцэнгэл'),(3,1,'Булган'),(4,1,'Жаргалант'),(5,1,'Их тамир'),(6,1,'Өгийнуур'),(7,1,'Өндөр-Улаан'),(8,1,'Тариат'),(9,1,'Төвшрүүлэх'),(10,1,'Хайрхан'),(11,1,'Хангай'),(12,1,'Хашаат'),(13,1,'Хотонт'),(14,1,'Цэцэрлэг'),(15,1,'Эрдэнэбулган'),(16,1,'Чулуут'),(17,1,'Эрдэнэмандал'),(18,1,'Өлзийт'),(19,1,'Цэнхэр'),(20,2,'Өлгий'),(21,2,'Булган'),(22,2,'Сагсай'),(23,2,'Толбо'),(24,2,'Буянт'),(25,2,'Алтай'),(26,2,'Дэлүүн'),(27,2,'Улаанхус'),(28,2,'Алтанцөгц'),(29,2,'Цэнгэл'),(30,2,'Ногооннуур'),(31,2,'Баяннуур'),(32,2,'Бугат'),(33,3,'Баянхонгор'),(34,3,'Жаргалант'),(35,3,'Баянцагаан'),(36,3,'Жинст'),(37,3,'Богд'),(38,3,'Баацагаан'),(39,3,'Заг'),(40,3,'Бөмбөгөр'),(41,3,'Өлзийт'),(42,3,'Баянбулаг'),(43,3,'Бууцагаан'),(44,3,'Баянговь'),(45,3,'Шинэжинст'),(46,3,'Хүрээмарал'),(47,3,'Галуут'),(48,3,'Баянлиг'),(49,3,'Эрдэнэцогт'),(50,3,'Гурванбулаг'),(51,3,'Баян-Овоо'),(52,3,'Баян-Өндөр'),(53,4,'Булган'),(54,4,'Сэлэнгэ'),(55,4,'Дашинчилэн'),(56,4,'Тэшиг'),(57,4,'Баян-Агт'),(58,4,'Могод'),(59,4,'Хангал'),(60,4,'Орхон'),(61,4,'Баяннуур'),(62,4,'Бугат'),(63,4,'Хишиг-Өндөр'),(64,4,'Рашаант'),(65,4,'Бүрэгхангай'),(66,4,'Хутаг-Өндөр'),(67,4,'Сайхан'),(68,4,'Гурванбулаг'),(69,5,'Есөнбулаг'),(70,5,'Алтай'),(71,5,'Дарив'),(72,5,'Хөхморьт'),(73,5,'Дэлгэр'),(74,5,'Цогт'),(75,5,'Жаргалан'),(76,5,'Тайшир'),(77,5,'Цээл'),(78,5,'Баян-Уул'),(79,5,'Тонхил'),(80,5,'Чандмань'),(81,5,'Бигэр'),(82,5,'Төгрөг'),(83,5,'Шарга'),(84,5,'Бугат'),(85,5,'Халиун'),(86,5,'Эрдэнэ'),(87,6,'Сайншанд'),(88,6,'Замын-Үүд'),(89,6,'Улаанбадрах'),(90,6,'Айраг '),(91,6,'Иххэт'),(92,6,'Хатанбулаг'),(93,6,'Алтанширээ'),(94,6,'Мандах'),(95,6,'Хөвсгөл'),(96,6,'Даланжаргалан'),(97,6,'Өргөн'),(98,6,'Эрдэнэ'),(99,6,'Дэлгэрэх'),(100,6,'Сайхандулаан'),(101,7,'Хэрлэн'),(102,7,'Булган'),(103,7,'Халхгол'),(104,7,'Гурванзагал'),(105,7,'Хөлөнбуйр'),(106,7,'Цагаан-Овоо'),(107,7,'Дашбалбар'),(108,7,'Баяндун'),(109,7,'Матад'),(110,7,'Чойбалсан'),(111,7,'Чулуунхороот'),(112,7,'Баян-Уул'),(113,7,'Сэргэлэн'),(114,7,'Баянтүмэн'),(115,15,'Сайнцагаан'),(116,15,'Өндөршил '),(117,15,'Дэлгэрхангай'),(118,15,'Сайхан-Овоо'),(119,15,'Дэлгэрцогт'),(120,15,'Хулд'),(121,15,'Адаацаг'),(122,15,'Дэрэн'),(123,15,'Цагаандэлгэр'),(124,15,'Баянжаргалан'),(125,15,'Луус'),(126,15,'Эрдэнэдалай'),(127,15,'Говь-Угтаал'),(128,15,'Өлзийт'),(129,15,'Гурвансайхан'),(130,21,'Улиастай'),(131,21,'Тэс'),(132,21,'Нөмрөг'),(133,21,'Алдархаан'),(134,21,'Ургамал'),(135,21,'Отгон'),(136,21,'Цагаанхайрхан'),(137,21,'Асгат'),(138,21,'Сантмаргац'),(139,21,'Цагаанчулуут'),(140,21,'Баянтэс'),(141,21,'Сонгино'),(142,21,'Баянхайрхан'),(143,21,'Цэцэн-Уул'),(144,21,'Дөрвөлжин'),(145,21,'Тосонцэнгэл'),(146,21,'Шилүүстэй'),(147,21,'Эрдэнэхайрхан'),(148,21,'Түдэвтэй'),(149,21,'Завханмандал'),(150,21,'Яруу'),(151,21,'Тэлмэн'),(152,21,'Их-Уул'),(153,17,'Арвайхээр'),(154,17,'Бүрд'),(155,17,'Төгрөг'),(156,17,'Гучин-Ус'),(157,17,'Уянга'),(158,17,'Есөн зүйл'),(159,17,'Баруунбаян-Улаан'),(160,17,'Бат-Өлзий'),(161,17,'Хайрхандулаан'),(162,17,'Баянгол'),(163,17,'Нарийнтээл'),(164,17,'Хархорин'),(165,17,'Өлзийт'),(166,17,'Баян-Өндөр'),(167,17,'Хужирт'),(168,17,'Сант'),(169,17,'Богд'),(170,17,'Тарагт'),(171,17,'Зүүнбаян-Улаан'),(172,14,'Даланзадгад'),(173,14,'Мандал-Овоо'),(174,14,'Манлай'),(175,14,'Ханхонгор'),(176,14,'Баяндалай'),(177,14,'Ноён'),(178,14,'Хүрмэн'),(179,14,'Баян-Овоо'),(180,14,'Номгон'),(181,14,'Цогт-Овоо'),(182,14,'Булган'),(183,14,'Сэврэй'),(184,14,'Цогтцэций'),(185,14,'Гурвантэс'),(186,14,'Ханбогд'),(187,8,'Баруун-Урт'),(188,8,'Мөнххаан'),(189,8,'Түмэнцогт'),(190,8,'Наран'),(191,8,'Уулбаян'),(192,8,'Асгат'),(193,8,'Онгон'),(194,8,'Халзан'),(195,8,'Баяндэлгэр'),(196,8,'Сүхбаатар'),(197,8,'Эрдэнэцагаан'),(198,8,'Дарьганга'),(199,8,'Түвшинширээ'),(200,12,'Сүхбаатар'),(201,12,'Жавхлант'),(202,12,'Сайхан'),(203,12,'Зүүнбүрэн'),(204,12,'Сант'),(205,12,'Мандал'),(206,12,'Түшиг'),(207,12,'Алтанбулаг'),(208,12,'Хүдэр'),(209,12,'Баруунбүрэн'),(210,12,'Хушаат'),(211,12,'Баянгол'),(212,12,'Орхон'),(213,12,'Цагааннуур'),(214,12,'Ерөө'),(215,12,'Орхонтуул'),(216,12,'Шаамар'),(217,10,'Зуунмод'),(218,10,'Баянцагаан'),(219,10,'Мөнгөнморьт'),(220,10,'Баянцогт'),(221,10,'Өндөрширээт '),(222,10,'Алтанбулаг'),(223,10,'Баянчандмань '),(224,10,'Сүмбэр'),(225,10,'Аргалант'),(226,10,'Борнуур'),(227,10,'Сэргэлэн'),(228,10,'Архуст'),(229,10,'Батсүмбэр'),(230,10,'Бүрэн'),(231,10,'Угтаалцайдам'),(232,10,'Баян'),(233,10,'Цээл'),(234,10,'Дэлгэрхаан'),(235,10,'Баяндэлгэр'),(236,10,'Жаргалант'),(237,10,'Эрдэнэ'),(238,10,'Баянжаргалан'),(239,10,'Баян-Өнжүүл'),(240,10,'Заамар'),(241,10,'Эрдэнэсант'),(242,10,'Баянхангай'),(243,10,'Лүн'),(244,20,'Улаангом'),(245,20,'Тариалан'),(246,20,'Малчин'),(247,20,'Түргэн'),(248,20,'Наранбулаг'),(249,20,'Баруунтуруун'),(250,20,'Тэс'),(251,20,'Өлгий'),(252,20,'Бөхмөрөн'),(253,20,'Өмнөговь'),(254,20,'Давст'),(255,20,'Ховд'),(256,20,'Завхан'),(257,20,'Өндөрхангай'),(258,20,'Хяргас '),(259,20,'Зүүнговь'),(260,20,'Сагил'),(261,20,'Цагаанхайрхан'),(262,20,'Зүүнхангай'),(263,19,'Жаргалант'),(264,19,'Дөргөн'),(265,19,'Үенч '),(266,19,'Дуут'),(267,19,'Зэрэг'),(268,19,'Ховд'),(269,19,'Алтай'),(270,19,'Манхан'),(271,19,'Цэцэг'),(272,19,'Булган'),(273,19,'Чандмань'),(274,19,'Мөнххайрхан'),(275,19,'Буянт '),(276,19,'Мөст'),(277,19,'Дарви'),(278,19,'Эрдэнэбүрэн'),(279,19,'Мянгад'),(280,18,'Мөрөн'),(281,18,'Улаан-Уул'),(282,18,'Их-Уул'),(283,18,'Ханх'),(284,18,'Рашаант'),(285,18,'Цагааннуур'),(286,18,'Цалаан-Уул'),(287,18,'Алаг-Эрдэнэ'),(288,18,'Рэнчинлхүмбэ'),(289,18,'Цагаан-Үүр'),(290,18,'Арбулаг'),(291,18,'Тариалан'),(292,18,'Цэцэрлэг'),(293,18,'Баянзүрх'),(294,18,'Тосонцэнгэл'),(295,18,'Чандмань-Өндөр'),(296,18,'Бүрэнтогтох'),(297,18,'Төмөрбулаг'),(298,18,'Шинэ-Идэр'),(299,18,'Галт'),(300,18,'Түнэл'),(301,18,'Эрдэнэбулган'),(302,18,'Жаргалант'),(303,9,'Хэрлэн'),(304,9,'Баянхутаг'),(305,9,'Мөрөн'),(306,9,'Биндэр'),(307,9,'Батноров'),(308,9,'Галшир'),(309,9,'Норовлин'),(310,9,'Өмнөдэлгэр'),(311,9,'Батширээт'),(312,9,'Дадал'),(313,9,'Баян-Адрага'),(314,9,'Дархан'),(315,9,'Цэнхэрмандал'),(316,9,'Баянмөнх'),(317,9,'Дэлгэрхаан'),(318,9,'Баян-Овоо'),(319,9,'Жаргалтхаан'),(320,9,'Бор-Өндөр'),(321,13,'Дархан'),(322,13,'Орхон'),(323,13,'Хонгор'),(324,13,'Шарын гол'),(325,16,'Жаргалант'),(326,16,'Баян-Өндөр'),(327,11,'Сүмбэр'),(328,11,'Шивээговь'),(329,11,'Баянтал'),(330,22,'Багануур'),(331,22,'Багахангай'),(332,22,'Налайх'),(333,22,'Баянгол'),(334,22,'Сонгинохайрхан'),(335,22,'Хан-Уул'),(336,22,'Баянзүрх'),(337,22,'Чингэлтэй'),(338,22,'Сүхбаатар'),(339,21,'Идэр');
/*!40000 ALTER TABLE `region` ENABLE KEYS */;
UNLOCK TABLES;

--
-- Table structure for table `sub_region`
--

DROP TABLE IF EXISTS `sub_region`;
/*!40101 SET @saved_cs_client     = @@character_set_client */;
/*!50503 SET character_set_client = utf8mb4 */;
CREATE TABLE `sub_region` (
  `id` int NOT NULL AUTO_INCREMENT,
  `province_id` int NOT NULL,
  `region_id` int NOT NULL,
  `sub_region` varchar(255) CHARACTER SET utf8 COLLATE utf8_unicode_ci NOT NULL,
  PRIMARY KEY (`id`),
  KEY `region_idx` (`region_id`)
) ENGINE=InnoDB AUTO_INCREMENT=1708 DEFAULT CHARSET=utf8 COLLATE=utf8_unicode_ci;
/*!40101 SET character_set_client = @saved_cs_client */;

--
-- Dumping data for table `sub_region`
--

LOCK TABLES `sub_region` WRITE;
/*!40000 ALTER TABLE `sub_region` DISABLE KEYS */;
INSERT INTO `sub_region` VALUES (3,1,15,'Цагдуулт'),(4,1,15,'Бор толгой'),(5,1,15,'Наранбулаг'),(6,1,15,'Цагаан цэл'),(7,1,2,'Улаанчулуу'),(8,1,2,'Хөнөг'),(9,1,2,'Дэл'),(10,1,2,'Баян-Уул'),(11,1,2,'Цац'),(12,1,2,'Дайрбор'),(13,1,2,'Тусгалт'),(14,1,2,'Зуунмод'),(15,1,2,'Тамир'),(16,1,2,'Баянбулаг'),(17,1,4,'Асайт '),(18,1,4,'Хоолт'),(19,1,4,'Эрдэнэ-Уул'),(20,1,4,'Зуслан'),(21,1,4,'Баянцагаан'),(22,1,5,'Хөхнуур'),(23,1,5,'Хан-Өндөр'),(24,1,5,'Борт'),(25,1,5,'Бугат'),(26,1,5,'Эрдэнэтолгой'),(27,1,5,'Тайхар'),(28,1,6,'Дойт'),(29,1,6,'Тоглох'),(30,1,6,'Өгий'),(31,1,6,'Зэгстэй'),(32,1,6,'Орхон '),(33,1,18,'Ямаат'),(34,1,18,'Бодонт'),(35,1,18,'Байшир'),(36,1,18,'Хөшөөт'),(37,1,7,'Азарга'),(38,1,7,'Хануй'),(39,1,7,'Донгой'),(40,1,7,'Бэлхи'),(41,1,8,'Тэрх'),(42,1,8,'Цагааннуур'),(43,1,8,'Хорго'),(44,1,8,'Суман'),(45,1,8,'Бөөрөлжүүт'),(46,1,8,'Мөрөн'),(47,1,8,'Алтайд'),(48,1,9,'Баян-Өндөр'),(49,1,10,'Хайрхан '),(50,1,10,'Асгат '),(51,1,10,'Жарантай'),(52,1,10,'Могой'),(53,1,10,'Өгөөмөр '),(54,1,11,'Чандмань'),(55,1,11,'Гичгэнэ'),(56,1,11,'Арбаясгалан'),(57,1,11,'Баян-Улаан'),(58,1,11,'Тэрх '),(59,1,11,'Ноён хангай '),(60,1,12,'Жаргалант'),(61,1,12,'Номгон'),(62,1,12,'Цайдам'),(63,1,12,'Цагаан хад '),(64,1,12,'Баян '),(65,1,13,'Хотонт'),(66,1,13,'Хөөвөр'),(67,1,13,'Бургалтай '),(68,1,13,'Улаан чулуу '),(69,1,13,'Орхон'),(70,1,13,'Өндөр сант '),(71,1,1,'Хан-Уул '),(72,1,1,'Баянгол '),(73,1,1,'Цахир'),(74,1,19,'Орхон '),(75,1,19,'Цэцэрлэг'),(76,1,19,'Цэнхэр'),(77,1,19,'Алтан-Овоо'),(78,1,19,'Буйлан'),(79,1,19,'Тамир'),(80,1,14,'Чулуут'),(81,1,14,'Туулант'),(82,1,14,'Хужирт'),(83,1,14,'Хонгорж'),(84,1,14,'Ихбулаг'),(85,1,16,'Хүрэм'),(86,1,16,'Хайрхан'),(87,1,16,'Халуун-Ус '),(88,1,16,'Зуунмод'),(89,1,16,'Өлзийт гол '),(90,1,17,'Алаг-Уул'),(91,1,17,'Идэр-Улаан'),(92,1,17,'Эрдэнэ-Уул'),(93,1,17,'Хан-Өндөр'),(94,1,17,'Тээл'),(95,1,17,'Өлзийт'),(96,2,20,'Хуст арал'),(97,2,20,'Цагаан эрэг'),(98,2,20,'Бөхөн-Уул'),(99,2,20,'Их булан'),(100,2,20,'Ховд гол'),(101,2,20,'Хөх толгой'),(102,2,20,'Хотгор'),(103,2,20,'Ах хус тау'),(104,2,20,'Хөх хад'),(105,2,25,'Хар нуур'),(106,2,25,'Улаан хад'),(107,2,25,'Бардам'),(108,2,25,'Чихэртэй'),(109,2,25,'Борбургас'),(110,2,28,'Хаш'),(111,2,28,'Баянбулаг'),(112,2,28,'Улаанхаргана'),(113,2,28,'Цагаан түнгэ'),(114,2,31,'Цэцэгт'),(115,2,31,'Цагаан арал'),(116,2,31,'Шар Цэхээ '),(117,2,31,'Цул улаан '),(118,2,32,'Хатуу '),(119,2,32,'Улаан толгой'),(120,2,32,'Бугат'),(121,2,32,'Бугын гол'),(122,2,21,'Улаагчин '),(123,2,21,'Сайхан'),(124,2,21,'Булган '),(125,2,21,'Жаргалант '),(126,2,21,'Хужирт'),(127,2,21,'Сөнхөл'),(128,2,21,'Улаанхус'),(129,2,24,'Хөх эрэг'),(130,2,24,'Хөлцөөт'),(131,2,24,'Өмнөгол'),(132,2,24,'Шар тохойт '),(133,2,26,'Далакөл'),(134,2,26,'Саралахаз'),(135,2,26,'Хар уул'),(136,2,26,'Чихэртэй'),(137,2,26,'Рашаант'),(138,2,26,'Бугат'),(139,2,26,'Хөх сэрх'),(140,2,26,'Бүргэд '),(141,2,26,'Хөх толгой '),(142,2,26,'Хүйтэн нуур'),(143,2,30,'Бахлаг '),(144,2,30,'Чихтэй'),(145,2,30,'Ховд'),(146,2,30,'Ямаат'),(147,2,30,'Хызылхайын '),(148,2,30,'Хосхарагай'),(149,2,30,'Асгат'),(150,2,30,'Цагааннуур'),(151,2,22,'Ямаат'),(152,2,22,'Хол агаш'),(153,2,22,'Ахкорим'),(154,2,22,'Хаг'),(155,2,22,'Уужим '),(156,2,22,'Даян '),(157,2,23,'Хош'),(158,2,23,'Толбо нуур'),(159,2,23,'Хонгор өлөн'),(160,2,23,'Дөрөө нуур'),(161,2,23,'Хөх толгой  '),(162,2,23,'Бураат'),(163,2,27,'Их ойгор'),(164,2,27,'Хөх хөтөл'),(165,2,27,'Хулжаа'),(166,2,27,'Согоог'),(167,2,27,'Баян зүрх'),(168,2,27,'Даян'),(169,2,27,'Билүү  '),(170,2,27,'Билүү - 2'),(171,2,29,'Шарговь'),(172,2,29,'Загаст нуур'),(173,2,29,'Цагаан түнгэ'),(174,2,29,'Хар уул'),(175,2,29,'Бор бургас'),(176,2,29,'Уст тохой'),(177,2,29,'Долоон гаталга'),(178,2,29,'Партизан '),(179,2,29,'Хөшөөт '),(180,3,33,'Номгон'),(181,3,33,'Эрдэнэмандал'),(182,3,33,'Дуурсах'),(183,3,33,'Угалз '),(184,3,33,'Цагаанчулуут'),(185,3,33,'Гэгээн шавь '),(186,3,33,'Цахир '),(187,3,33,'Шаргалжуут'),(188,3,33,'Есөнбулаг'),(189,3,38,'Баянбулаг '),(190,3,38,'Оройн бууц '),(191,3,38,'Буйлсан '),(192,3,38,'Могой '),(193,3,38,'Товгор '),(194,3,38,'Зүүнхаяа'),(195,3,38,'Баянсайр'),(196,3,42,'Сангийн далай '),(197,3,42,'Жаргалант '),(198,3,42,'Хангал '),(199,3,42,'Бүрд '),(200,3,44,'Хэлтгий булаг'),(201,3,44,'Өрхт '),(202,3,44,'Залаа '),(203,3,44,'Цоохор '),(204,3,44,'Өргөн '),(205,3,48,'Халбагант'),(206,3,48,'Баян-Аараг '),(207,3,48,'Бага баян '),(208,3,48,'Их баян '),(209,3,48,'Хатан суудал '),(210,3,51,'Мандалхайрхан '),(211,3,51,'Уранхайрхан'),(212,3,51,'Асгамба '),(213,3,51,'Мэргэн'),(214,3,52,'Улаан үзүүр '),(215,3,52,'Элгэн'),(216,3,52,'Булган '),(217,3,52,'Идрэн'),(218,3,35,'Гичгэнэ '),(219,3,35,'Дэлгэрэх '),(220,3,35,'Цэцэн '),(221,3,35,'Жаргалант '),(222,3,35,'Баянбулаг'),(223,3,37,'Луугар'),(224,3,37,'Гурван гол'),(225,3,37,'Алтай '),(226,3,37,'Буянт '),(227,3,37,'Цэлгэр '),(228,3,37,'Хориулт '),(229,3,40,'Улаан сайр'),(230,3,40,'Хөх толгой'),(231,3,40,'Хотын булан'),(232,3,40,'Задгай  '),(233,3,43,'Тэмээт'),(234,3,43,'Баян '),(235,3,43,'Өлзийт '),(236,3,43,'Баянбүрд'),(237,3,43,'Наран '),(238,3,43,'Буянт '),(239,3,47,'Хайрхан '),(240,3,47,'Сүмбэр '),(241,3,47,'Үнэгт'),(242,3,47,'Баяннуур '),(243,3,47,'Мандал '),(244,3,47,'Баянхошуу '),(245,3,50,'Цэнгэл'),(246,3,50,'Давааны ам '),(247,3,50,'Буга '),(248,3,50,'Хөвийн ам'),(249,3,50,'Пионер толгой'),(250,3,34,'Намтолгой '),(251,3,34,'Өлзийт-Өндөр '),(252,3,34,'Хөндлөн булаг '),(253,3,34,'Эмээл толгой '),(254,3,36,'Уу-булан '),(255,3,36,'Хүйс '),(256,3,36,'Хөнөг '),(257,3,36,'Цагаан ус'),(258,3,36,'Бодь '),(259,3,39,'Баянбулаг '),(260,3,39,'Баян-Улаан '),(261,3,39,'Чандмань-Овоо'),(262,3,39,'Залаа-Овоо '),(263,3,41,'Бурхант '),(264,3,41,'Байн ам'),(265,3,41,'Ёлын ам '),(266,3,41,'Худаг урт '),(267,3,41,'Бийрийн уулзвар'),(268,3,41,'Улаан уул '),(269,3,46,'Хөх бүрд '),(270,3,46,'Сонор'),(271,3,46,'Норовлин '),(272,3,46,'Цорж '),(273,3,46,'Дэлгэр мөрөн '),(274,3,45,'Зараа '),(275,3,45,'Уртын гол '),(276,3,45,'Эрдэнэшанд '),(277,3,45,'Эхэн хавцгай '),(278,3,49,'Сэнжит '),(279,3,49,'Ямаат'),(280,3,49,'Өвөржаргалант '),(281,3,49,'Жанжин '),(282,3,49,'Цагаан дэнж'),(283,4,53,'Ачуут'),(284,4,53,'Хужирт '),(285,4,53,'Агуйт '),(286,4,53,'Рашаант '),(287,4,53,'Жаргалант'),(288,4,57,'Шарга'),(289,4,57,'Баянзүрх '),(290,4,57,'Баянхайрхан '),(291,4,57,'Дулаанхаан '),(292,4,57,'Халтар '),(293,4,57,'Хүрэмт'),(294,4,61,'Өлзийт'),(295,4,61,'Шар тал'),(296,4,62,'Баянтөгөл'),(297,4,62,'Ханжаргалант '),(298,4,62,'Сөрт'),(299,4,65,'Бумбат'),(300,4,65,'Цахт'),(301,4,65,'Дэрст'),(302,4,65,'Дархан '),(303,4,68,'Тогоо '),(304,4,68,'Авзага '),(305,4,68,'Агьт '),(306,4,68,'Бэрх '),(307,4,68,'Хөгнө'),(308,4,68,'Хулст '),(309,4,55,'Хараат '),(310,4,55,'Лах '),(311,4,55,'Доргонт'),(312,4,55,'Төв '),(313,4,58,'Жаргалант'),(314,4,58,'Баясгалант'),(315,4,58,'Баянгол '),(316,4,58,'Баян-Уул '),(317,4,58,'Эрхт '),(318,4,60,'Арбулаг '),(319,4,60,'Халиун '),(320,4,60,'Бүхт'),(321,4,60,'Мааньт'),(322,4,60,'Сумын төв'),(323,4,64,'Хөгнө хан '),(324,4,64,'Хар чулуут '),(325,4,64,'Улаан шивээт '),(326,4,64,'Аргаль хайрхан'),(327,4,67,'Мануулт '),(328,4,67,'Угалз '),(329,4,67,'Хульж '),(330,4,67,'Ундрах'),(331,4,67,'Хүрэмт'),(332,4,67,'Сайхан-Овоо '),(333,4,54,'Таримал '),(334,4,54,'Тариахтай'),(335,4,54,'Сэлэнгэ'),(336,4,54,'Сангалтай '),(337,4,54,'Ингэт'),(338,4,56,'Хужирт '),(339,4,56,'Харгал'),(340,4,56,'Далан'),(341,4,56,'Эрэн'),(342,4,56,'Жаргалант'),(343,4,59,'Сөрт'),(344,4,59,'Хангал'),(345,4,59,'Сумын төв'),(346,4,59,'Хялганат '),(347,4,63,'Банзар '),(348,4,63,'Хүрэмт'),(349,4,63,'Тээг'),(350,4,63,'Жаргалант'),(351,4,63,'Мааньт '),(352,4,66,'Сумын төв'),(353,4,66,'Хантай'),(354,4,66,'Уньт '),(355,4,66,'Тээл '),(356,4,66,'Хонгор '),(357,5,70,'Бадрал'),(358,5,70,'Баянцагаан'),(359,5,70,'Урт '),(360,5,70,'Баян-Овоо '),(361,5,78,'Баян богд '),(362,5,78,'Чандмань хайрхан'),(363,5,78,'Баянхайрхан'),(364,5,78,'Хүйсийн говь '),(365,5,78,'Баянговь'),(366,5,78,'Алтангадас'),(367,5,81,'Мянгай'),(368,5,81,'Урт'),(369,5,81,'Их булаг '),(370,5,81,'Буудай'),(371,5,81,'Хүрэмт '),(372,5,84,'Биж '),(373,5,84,'Ферм '),(374,5,84,'Гаханч '),(375,5,84,'Сүж '),(376,5,84,'Баянгол'),(377,5,71,'Ихэс '),(378,5,71,'Хужирт '),(379,5,71,'Жавхлант '),(380,5,71,'Үйлдвэр '),(381,5,73,'Баян-Өндөр '),(382,5,73,'Баянхонгор'),(383,5,73,'Баянбуурал '),(384,5,73,'Баянсан '),(385,5,73,'Гуулин '),(386,5,75,'Бүрэн'),(387,5,75,'Тээл'),(388,5,75,'Завхан гол'),(389,5,76,'Хуримт'),(390,5,76,'Галуут '),(391,5,76,'Далан '),(392,5,79,'Бүс-Уул'),(393,5,79,'Тамч'),(394,5,79,'Зүйл '),(395,5,79,'Алтансоёмбо '),(396,5,79,'Алтайн-Оргил '),(397,5,82,'Хүрэн гол'),(398,5,82,'Төгрөгийн эх'),(399,5,82,'Мааньт '),(400,5,82,'Цагаан хайрхан '),(401,5,82,'Тунгалаг'),(402,5,85,'Сүүж '),(403,5,85,'Гүү бариач '),(404,5,85,'Олон булаг'),(405,5,85,'Чацран '),(406,5,72,'Цоохор'),(407,5,72,'Завхан гол '),(408,5,72,'Сангийн далай '),(409,5,72,'Хүйсийн говь'),(410,5,72,'Сайн-Уст '),(411,5,74,'Рашаант '),(412,5,74,'Далан '),(413,5,74,'Гэгээт'),(414,5,74,'Төгрөг '),(415,5,74,'Баян-Өндөр '),(416,5,74,'Баян-Улаан '),(417,5,74,'Баян тоорой '),(418,5,77,'Бүрэн'),(419,5,77,'Баянгол '),(420,5,77,'Дэрстэй '),(421,5,77,'Жаргалт '),(422,5,80,'Чандмань-Уул '),(423,5,80,'Өлзийбулаг'),(424,5,80,'Эрдэнэ-Уул '),(425,5,80,'Хүрхрээ'),(426,5,83,'Баянгол'),(427,5,83,'Хамтын хүч '),(428,5,83,'Сондуулт'),(429,5,83,'Улаан туг '),(430,5,86,'Сангийн далай '),(431,5,86,'Цэцэг нуур '),(432,5,86,'Цагаан-Уул '),(433,5,86,'Өлзийт'),(434,6,87,'Зүүнбаян'),(435,6,87,'1-р баг'),(436,6,87,'2-р баг'),(437,6,87,'3-р баг'),(438,6,87,'4-р баг'),(439,6,90,'Нард '),(440,6,90,'Сайн-Ус '),(441,6,90,'Нүдэн'),(442,6,90,'Цагаан дөрвөлж '),(443,6,93,'Тойг'),(444,6,93,'Зараа '),(445,6,93,'Хаяа '),(446,6,93,'Чулуун гишгэр'),(447,6,96,'Элдэв'),(448,6,96,'Өнгөт'),(449,6,96,'Бичигт '),(450,6,96,'Цомог '),(451,6,96,'Олон-Овоо'),(452,6,99,'Цагаанхад '),(453,6,99,'Аман шанд '),(454,6,99,'Бумбат '),(455,6,99,'Хонгор '),(456,6,88,'1-р баг'),(457,6,88,'2-р баг'),(458,6,88,'3-р баг'),(459,6,91,'Бүрдэнэ '),(460,6,91,'Баян'),(461,6,91,'Зүлэгт '),(462,6,94,'Алхантээг '),(463,6,94,'Баянхошуу '),(464,6,94,'Өехий '),(465,6,94,'Сэрвэн баянхошуу '),(466,6,94,'Төхөм '),(467,6,97,'Сүмийн булаг'),(468,6,97,'Сүмбэр '),(469,6,97,'Баянмөнх '),(470,6,97,'Сэнж '),(471,6,100,'Улаан шороот '),(472,6,100,'Жаргалант'),(473,6,100,'Цохио '),(474,6,100,'Өлзийт'),(475,6,89,'Сангийн далай'),(476,6,89,'Баянбогд '),(477,6,89,'Аргалант'),(478,6,89,'Нүдэн'),(479,6,92,'Халив'),(480,6,92,'Эргэл '),(481,6,92,'Агаруут'),(482,6,92,'Сулинхээр'),(483,6,92,'Аман-Ус '),(484,6,92,'Замын шанд'),(485,6,95,'Жавхлант '),(486,6,95,'Чулуут'),(487,6,95,'Элст '),(488,6,95,'Хөвсгөл '),(489,6,98,'Бүрдэнэ '),(490,6,98,'Еншөөв '),(491,6,98,'Цагаан хөтөл '),(492,6,98,'Дөрвөлж '),(493,6,98,'Улаан-Уул'),(494,7,101,'1-р баг'),(495,7,101,'2-р баг'),(496,7,101,'3-р баг'),(497,7,101,'4-р баг'),(498,7,101,'5-р баг'),(499,7,101,'6-р баг'),(500,7,101,'7-р баг'),(501,7,101,'8-р баг'),(502,7,101,'9-р баг'),(503,7,101,'10-р баг'),(504,7,108,'Түргэн'),(505,7,108,'Хайрхан '),(506,7,108,'Яргай'),(507,7,108,'Наран'),(508,7,114,'Цагаан дэрс '),(509,7,114,'Жаргалант'),(510,7,114,'Өлзийт '),(511,7,114,'Хотонт'),(512,7,112,'Заяат'),(513,7,112,'Хар чулуут'),(514,7,112,'Урт'),(515,7,112,'Бэрх '),(516,7,112,'Улз'),(517,7,112,'Өвөр эрээн '),(518,7,102,'Өндөр хошуу'),(519,7,102,'Хулсан шанд '),(520,7,102,'Баян-Уул '),(521,7,102,'Чулуут'),(522,7,104,'Рашаант'),(523,7,104,'Цагаан хошуу'),(524,7,104,'Сүмийн булаг'),(525,7,107,'Сэвсүүл жараахай '),(526,7,107,'Харзат '),(527,7,107,'Чух '),(528,7,107,'Номинт'),(529,7,107,'Улз '),(530,7,109,'Жаргалант'),(531,7,109,'Баянхангай'),(532,7,109,'Түмэнхаан'),(533,7,109,'Буян-Өндөр '),(534,7,109,'Мэнэн'),(535,7,113,'Барчин'),(536,7,113,'Архоолой'),(537,7,113,'Баян '),(538,7,113,'Очир хүрээ '),(539,7,113,'Галын гол'),(540,7,103,'Цогтсүмбэр'),(541,7,103,'Ялалт '),(542,7,103,'Ташгай'),(543,7,105,'Баян-Өлзийт '),(544,7,105,'Батхаан '),(545,7,105,'Баян-Уул'),(546,7,106,'Баянгол '),(547,7,106,'Элст '),(548,7,106,'Зүрх '),(549,7,106,'Хүрээт '),(550,7,106,'Гүн цэнгэлэг '),(551,7,106,'Хөөвөр'),(552,7,110,'Хулстай '),(553,7,110,'Сүмбэр '),(554,7,110,'Энгэр шанд '),(555,7,111,'Дэлгэр'),(556,7,111,'Галуут '),(557,7,111,'Цагаанчулуут'),(558,15,115,'Наран'),(559,15,115,'Тэвш'),(560,15,115,'Далай'),(561,15,115,'Үйзэн '),(562,15,115,'Аривжих'),(563,15,115,'Боржигон'),(564,15,115,'Нарлаг '),(565,15,115,'Айраг '),(566,15,115,'Мандал'),(567,15,121,'Тавин'),(568,15,121,'Ар-Урт'),(569,15,121,'Өвөр-Урт '),(570,15,121,'Сүм'),(571,15,121,'Хашаат'),(572,15,124,'Шилийн гол'),(573,15,124,'Энгэр-Ус '),(574,15,124,'Аргатай '),(575,15,127,'Ажирхай'),(576,15,127,'Морьт '),(577,15,127,'Хонгор '),(578,15,129,'Элгэн'),(579,15,129,'Дэрсэнэ ус '),(580,15,129,'Чулуут '),(581,15,129,'Гурвансайхан '),(582,15,129,'Суугаант '),(583,15,117,'Толь '),(584,15,117,'Таргат '),(585,15,117,'Ар шавагтай'),(586,15,117,'Номгон'),(587,15,119,'Баянбулаг '),(588,15,119,'Цахиурт'),(589,15,119,'Дэлгэр-Эмт '),(590,15,122,'Алаг-Өндөр '),(591,15,122,'Саруул '),(592,15,122,'Долоод'),(593,15,122,'Бумбат'),(594,15,125,'Суварга'),(595,15,125,'Наран '),(596,15,125,'Зүлэгтий'),(597,15,128,'Буянт-1 '),(598,15,128,'Буянт-2'),(599,15,128,'Тагт '),(600,15,128,'Дэрт-1 '),(601,15,128,'Дэрт-2 '),(602,15,128,'Рашаант'),(603,15,116,'Цог '),(604,15,116,'Талын нар '),(605,15,118,'Онги'),(606,15,118,'Мааньт'),(607,15,118,'Найз'),(608,15,118,'Төгрөг'),(609,15,120,'Шувуутай'),(610,15,120,'Олдох '),(611,15,120,'Уул '),(612,15,120,'Бүлээн '),(613,15,123,'Хараат '),(614,15,123,'Замын-Улаан '),(615,15,126,'Цавчир '),(616,15,126,'Өнгөт '),(617,15,126,'Тэнгэлэг '),(618,15,126,'Рашаант '),(619,15,126,'Цагаан-Овоо '),(620,15,126,'Сангийн далай '),(621,15,126,'Сумын төв '),(622,21,130,'Жинст '),(623,21,130,'Жаргалант '),(624,21,130,'Чигэстэй '),(625,21,130,'Богдын гол '),(626,21,130,'Товцог '),(627,21,130,'Өлзийт'),(628,21,133,'Алдар '),(629,21,133,'Аргалант '),(630,21,133,'Богдын гол '),(631,21,133,'Өгөөмөр '),(632,21,133,'Чигэстэй '),(633,21,133,'Мандаат '),(634,21,137,'Аргалант '),(635,21,137,'Суварга '),(636,21,140,'Бужир '),(637,21,140,'Жавхлан'),(638,21,140,'Зайгал '),(639,21,140,'Хачиг '),(640,21,142,'Наран '),(641,21,142,'Асгат '),(642,21,142,'Минж '),(643,21,142,'Төөнт '),(644,21,144,'Буга '),(645,21,144,'Цогт '),(646,21,144,'Тавантолгой '),(647,21,144,'Буурал '),(648,21,144,'Онц '),(649,21,149,'Мандал '),(650,21,149,'Олонбулаг'),(651,21,149,'Олонтүрүү '),(652,21,149,'Нуга '),(653,21,339,'Мануустай'),(654,21,339,'Цэцэрлэг'),(655,21,339,'Загастай '),(656,21,339,'Дархан-Уул '),(657,21,152,'Баян-Ухаа '),(658,21,152,'Үржил '),(659,21,152,'Хуягт'),(660,21,152,'Хонгор'),(661,21,152,'Цэцүүх '),(662,21,152,'Зарт '),(663,21,132,'Хөдрөг '),(664,21,132,'Баянзүрх'),(665,21,132,'Дархан-Уул '),(666,21,132,'Нуур '),(667,21,132,'Хайрхан '),(668,21,135,'Буянт '),(669,21,135,'Баянбулаг '),(670,21,135,'Бадрал '),(671,21,135,'Соёл '),(672,21,135,'Онц '),(673,21,135,'Хужирт '),(674,21,138,'Баян-Улаан '),(675,21,138,'Баяннуур '),(676,21,138,'Баяндавс '),(677,21,138,'Холбоо '),(678,21,141,'Баян-Айраг '),(679,21,141,'Айраг нуур '),(680,21,141,'Шар нуруу '),(681,21,141,'Тариат'),(682,21,141,'Бор-Өндөр '),(683,21,145,'Дархан-Уул '),(684,21,145,'Хайрхан '),(685,21,145,'Улаантолгой'),(686,21,145,'Рашаант '),(687,21,145,'Баян-Улаан '),(688,21,145,'Идэр '),(689,21,145,'Оргих '),(690,21,148,'Баянцагаан '),(691,21,148,'Аргалант '),(692,21,148,'Цорго'),(693,21,148,'Ойгон'),(694,21,151,'Өгөөмөр '),(695,21,151,'Шургах '),(696,21,151,'Нуур '),(697,21,151,'Баянтэгш '),(698,21,151,'Өвөгдий'),(699,21,151,'Баян-Айраг '),(700,21,131,'Дооно '),(701,21,131,'Нисэг '),(702,21,131,'Баян-Уул '),(703,21,131,'Зүр '),(704,21,134,'Тосгуур '),(705,21,134,'Хульж '),(706,21,134,'Нуур зөөхий'),(707,21,134,'Төв '),(708,21,134,'Баян-Улаан '),(709,21,136,'Цэцэрлэг '),(710,21,136,'Онц '),(711,21,136,'Баянбулаг '),(712,21,136,'Агьт '),(713,21,143,'Оройн товгор '),(714,21,143,'Жаргалант '),(715,21,143,'Сангийн далай '),(716,21,143,'Шотой '),(717,21,143,'Батсуурь '),(718,21,146,'Баян-Улаан '),(719,21,146,'Чандмань '),(720,21,146,'Хөгжил '),(721,21,146,'Сайхан '),(722,21,147,'Багануур '),(723,21,147,'Мөсөн '),(724,21,147,'Алтан '),(725,21,147,'Баянзүрх '),(726,21,147,'Хайрхан '),(727,21,150,'Зүйл '),(728,21,150,'Жаргалант '),(729,21,150,'Өргөн '),(730,21,150,'Хэц-Улаан '),(731,21,150,'Чандмань '),(732,17,153,'Согоот '),(733,17,153,'Эмт '),(734,17,153,'Дэлгэрэх '),(735,17,153,'Өлзийт '),(736,17,153,'Арвайхээр '),(737,17,153,'Ягаантолгой '),(738,17,153,'Дэлгэрэхийн дэнж '),(739,17,153,'Рашаант '),(740,17,153,'Бурхи'),(741,17,153,'Ноён'),(742,17,159,'Өлзийтхошуу '),(743,17,159,'Хүүхдийн-Ус '),(744,17,159,'Цагаан-Овоо '),(745,17,159,'Хөөвөр '),(746,17,160,'Улаан-Ам '),(747,17,160,'Бүрэгтий '),(748,17,160,'Өвт '),(749,17,160,'Зөрүүлэг '),(750,17,162,'Өнц '),(751,17,162,'Эргэн дэнж '),(752,17,162,'Цагаан булан '),(753,17,162,'Хаяа'),(754,17,162,'Цавын-Ихэр '),(755,17,162,'Ширээ '),(756,17,166,'Бөмбий '),(757,17,166,'Батхаан '),(758,17,166,'Өвөр зүлэгт '),(759,17,166,'Хар тойром '),(760,17,166,'Бумбат '),(761,17,169,'Хөөвөр '),(762,17,169,'Баян төхөм '),(763,17,169,'Гүн-Ус '),(764,17,169,'Далан '),(765,17,169,'Ялаатай'),(766,17,169,'Ховд '),(767,17,154,'Ар жаргалант '),(768,17,154,'Их боригдой '),(769,17,154,'Донгит '),(770,17,154,'Ар хөшөөт'),(771,17,154,'Онгон '),(772,17,156,'Хөөвөр '),(773,17,156,'Гучин'),(774,17,156,'Аргалант'),(775,17,156,'Аргуйт '),(776,17,158,'Тахилга'),(777,17,158,'Мөнхбулаг '),(778,17,158,'Хайрхан '),(779,17,158,'Эрээн'),(780,17,171,'Эмгэд '),(781,17,171,'Цахиурт'),(782,17,171,'Баян-Улаан '),(783,17,171,'Хад '),(784,17,171,'Дэвшил '),(785,17,163,'Шарга '),(786,17,163,'Баянтээг '),(787,17,163,'Өндөрхөмөг '),(788,17,163,'Цагаан-Овоо '),(789,17,165,'Бор хошуут '),(790,17,165,'Агуйт '),(791,17,165,'Яргайт'),(792,17,165,'Гуулин '),(793,17,168,'Царги '),(794,17,168,'Цахиурт '),(795,17,168,'Улаан-Овоо '),(796,17,168,'Залаа '),(797,17,168,'Майхан'),(798,17,170,'Туяа '),(799,17,170,'Арвайнтал '),(800,17,170,'Хүрэмт '),(801,17,170,'Урт '),(802,17,170,'Их булаг'),(803,17,170,'Алтантал '),(804,17,155,'Хоолт '),(805,17,155,'Их-Ус '),(806,17,155,'Мазар '),(807,17,155,'Сайн төгрөг'),(808,17,155,'Баян'),(809,17,157,'Жаргалант '),(810,17,157,'Таац '),(811,17,157,'Шивээ-Овоо '),(812,17,157,'Шуранга '),(813,17,157,'Бадрал '),(814,17,157,'Бөөрөлжүүт'),(815,17,157,'Өлт '),(816,17,157,'Онги '),(817,17,161,'Бурхант '),(818,17,161,'Нарт '),(819,17,161,'Эмээл '),(820,17,161,'Дэрсэн хонхор '),(821,17,161,'Ар агуйт '),(822,17,161,'Марзат '),(823,17,164,'Вангийн-Овоо'),(824,17,164,'Ганган-Орхон'),(825,17,164,'Эрдэнэтолгой '),(826,17,164,'Нарийн хүр '),(827,17,164,'Онгоцон-Ухаа'),(828,17,164,'Жалбаа'),(829,17,164,'Шанх '),(830,17,164,'Орхон '),(831,17,167,'Өвөр модот '),(832,17,167,'Уужим'),(833,17,167,'Бэрх '),(834,17,167,'Шивээт'),(835,17,167,'Шунхлай'),(836,14,172,'Баруунсайхан '),(837,14,172,'Хан-Уул '),(838,14,172,'Далан '),(839,14,172,'Дундсайхан '),(840,14,172,'Зүүнсайхан  '),(841,14,172,'Начин'),(842,14,172,'Оюут '),(843,14,172,'Цагаан булаг'),(844,14,176,'Баян '),(845,14,176,'Наран '),(846,14,176,'Төхөм '),(847,14,179,'Могойт '),(848,14,179,'Харзаг'),(849,14,179,'Налих '),(850,14,182,'Дэн '),(851,14,182,'Дал '),(852,14,182,'Хавцгайт '),(853,14,182,'Булган'),(854,14,185,'Гоёот '),(855,14,185,'Баясах '),(856,14,185,'Тост '),(857,14,185,'Урт '),(858,14,173,'Өтгөн '),(859,14,173,'Баянхошуу '),(860,14,173,'Мандал '),(861,14,174,'Өехий '),(862,14,174,'Өгөөмөр '),(863,14,174,'Жаргалант '),(864,14,174,'Далай '),(865,14,177,'Сайран '),(866,14,177,'Ганзагад '),(867,14,180,'Хармагтай '),(868,14,180,'Төхөм'),(869,14,180,'Дэрсэнэ-Ус '),(870,14,180,'Эмгэнбулаг '),(871,14,180,'Богт '),(872,14,183,'Сайншанд  '),(873,14,183,'Хоолт '),(874,14,183,'Бүйлсэн '),(875,14,186,'Номгон '),(876,14,186,'Гавилууд '),(877,14,186,'Жавхлант '),(878,14,186,'Баян '),(879,14,186,'Хайрхан'),(880,14,175,'Мандах'),(881,14,175,'Өгөөмөр'),(882,14,175,'Хондот'),(883,14,175,'Жаргалант'),(884,14,178,'Жанжин '),(885,14,178,'Тулга '),(886,14,178,'Хүрмэн '),(887,14,181,'Замын шанд'),(888,14,181,'Бортээг '),(889,14,181,'Найз '),(890,14,184,'Сийрст '),(891,14,184,'Билгэх '),(892,14,184,'Цагаан-Овоо'),(893,14,184,'Өгөөмөр'),(894,8,187,'1-р баг'),(895,8,187,'2-р баг'),(896,8,187,'3-р баг'),(897,8,187,'4-р баг'),(898,8,187,'5-р баг'),(899,8,187,'6-р баг'),(900,8,187,'7-р баг'),(901,8,187,'8-р баг'),(902,8,187,'9-р баг'),(903,8,192,'Өлзийт '),(904,8,192,'Дөхөм'),(905,8,192,'Их-Уул'),(906,8,192,'Жаргалант'),(907,8,195,'Баян '),(908,8,195,'Дэлгэр'),(909,8,195,'Төв '),(910,8,195,'Дөхөм'),(911,8,195,'Хонгор'),(912,8,195,'Ширээт'),(913,8,198,'Үүд'),(914,8,198,'Бадрах '),(915,8,198,'Аман-Ус'),(916,8,198,'Овоот '),(917,8,188,'Баянтэрэм'),(918,8,188,'Баян-Уул'),(919,8,188,'Баянцагаан'),(920,8,188,'Баясгалант'),(921,8,188,'Бүрэнцогт'),(922,8,190,'Гүн худаг'),(923,8,190,'Тосонгийн гол'),(924,8,190,'Наранбулаг'),(925,8,193,'Ихбулаг '),(926,8,193,'Шарбүрд'),(927,8,193,'Нүдэн'),(928,8,193,'Цөнгөрөг'),(929,8,193,'Хавирга '),(930,8,196,'Баянгол '),(931,8,196,'Хайлаастай '),(932,8,196,'Хулгар'),(933,8,196,'Ланз'),(934,8,196,'Шинэбулаг'),(935,8,199,'Сэргэлэн'),(936,8,199,'Өлзийт'),(937,8,199,'Үнэгт'),(938,8,199,'Дэлгэрхаан'),(939,8,199,'Өгөөмөр'),(940,8,189,'Лхүмбэ'),(941,8,189,'Баянцагаан'),(942,8,189,'Баян-Овоо'),(943,8,191,'Баян'),(944,8,191,'Жаргалант'),(945,8,191,'Тэгш'),(946,8,191,'Жавхлант'),(947,8,191,'Дэлгэр'),(948,8,194,'Халзан шанд'),(949,8,194,'Сахилын шанд'),(950,8,194,'Сайншанд'),(951,8,194,'Хатавч '),(952,8,197,'Хөдлөн хайлааст '),(953,8,197,'Цагаан овоо '),(954,8,197,'Бадрах '),(955,8,197,'Хонгор '),(956,8,197,'Билүүт'),(957,8,197,'Жаргалант '),(958,8,197,'Хадын булаг'),(959,8,197,'Алтан овоо '),(960,12,200,'Хонгорморьт'),(961,12,200,'Цагаан-Эрэг'),(962,12,200,'Салхит'),(963,12,200,'Баянхаан'),(964,12,200,'Боргүвээ'),(965,12,207,'Бүргэдтэй '),(966,12,207,'Суварга '),(967,12,207,'Цөх '),(968,12,209,'Ивэн '),(969,12,209,'Бургалтай '),(970,12,209,'Цагаан-Овоо '),(971,12,211,'Хараа'),(972,12,211,'Баян'),(973,12,211,'Гонир'),(974,12,214,'Тавин '),(975,12,214,'Буурагчин '),(976,12,214,'Бугант'),(977,12,201,'Бумбат'),(978,12,201,'Моностой'),(979,12,203,'Жаргалант'),(980,12,203,'Бэлчир'),(981,12,203,'Мангирт '),(982,12,205,'Төмөр зам'),(983,12,205,'Ширхэнцэг'),(984,12,205,'Баянсуудал'),(985,12,205,'Хэрх '),(986,12,205,'Түнхэл'),(987,12,212,'Орхон'),(988,12,212,'Бэлэндалай'),(989,12,215,'Рашаант '),(990,12,215,'Баянцогт'),(991,12,215,'Хонгор-Овоо '),(992,12,202,'Хөтөл '),(993,12,202,'Гавшгай '),(994,12,202,'Номгон'),(995,12,204,'Ивэн '),(996,12,204,'Хушаат '),(997,12,206,'Жаргалмандах '),(998,12,206,'Ар нуга '),(999,12,208,'Тарвагатай '),(1000,12,208,'Баянцагаан'),(1001,12,213,'Оргих '),(1002,12,213,'Хуурч '),(1003,12,213,'Тийрэг'),(1004,12,216,'Дэлгэрхаан'),(1005,12,216,'Охиндий '),(1006,12,216,'Дулаанхаан'),(1007,10,217,'Номт'),(1008,10,217,'Ланс'),(1009,10,217,'Баянхошуу '),(1010,10,217,'Зүүндэлгэр'),(1011,10,217,'Нацагдорж '),(1012,10,217,'Баруун зуунмод '),(1013,10,222,'Сумт '),(1014,10,222,'Аргал '),(1015,10,222,'Алтан-Овоо '),(1016,10,222,'Замт '),(1017,10,225,'Аргалын уул '),(1018,10,225,'Хөшөөт '),(1019,10,228,'Ноён шанд '),(1020,10,228,'Нарст '),(1021,10,229,'Мандал'),(1022,10,229,'Цогт-Өндөр '),(1023,10,229,'Баянгол '),(1024,10,229,'Үдлэг '),(1025,10,232,'Цант '),(1026,10,232,'Өгөөмөр '),(1027,10,232,'Цавчир '),(1028,10,235,'Байдлаг'),(1029,10,235,'Галуут '),(1030,10,238,'Жаргалант '),(1031,10,238,'Улаан ухаа '),(1032,10,238,'Эрдэнэ '),(1033,10,239,'Бараат '),(1034,10,239,'Цээл '),(1035,10,239,'Бүрд '),(1036,10,242,'Найрамдал '),(1037,10,242,'Хөшөөт '),(1038,10,218,'Өлзийт '),(1039,10,218,'Баян айраг '),(1040,10,218,'Гурван түрүү '),(1041,10,218,'Алтат '),(1042,10,218,'Зогсоол '),(1043,10,220,'Гуна '),(1044,10,220,'Сарлаг '),(1045,10,220,'Даргиат '),(1046,10,223,'Чандмань '),(1047,10,223,'Замт '),(1048,10,223,'Эрдэнэ '),(1049,10,226,'Өгөөмөр '),(1050,10,226,'Мандал '),(1051,10,226,'Бичигт '),(1052,10,226,'Нарт '),(1053,10,230,'Төхөм'),(1054,10,230,'Баянцогт '),(1055,10,230,'Монгол '),(1056,10,230,'Эрдэнэхангай '),(1057,10,230,'Өнжүүл '),(1058,10,234,'Тарган '),(1059,10,234,'Дуут-Хуримт '),(1060,10,234,'Давст '),(1061,10,236,'Буурал '),(1062,10,236,'Өгөөмөр '),(1063,10,236,'Баянбулаг '),(1064,10,236,'Загдал '),(1065,10,240,'Тосон '),(1066,10,240,'Төмстэй '),(1067,10,240,'Хайлааст '),(1068,10,240,'Төв '),(1069,10,243,'Цагаан уул '),(1070,10,243,'Өгөөмөр '),(1071,10,243,'Төв '),(1072,10,219,'Жаргалант '),(1073,10,219,'Байдлаг '),(1074,10,219,'Булаг '),(1075,10,221,'Баянтуул '),(1076,10,221,'Хайрхан '),(1077,10,221,'Уянга '),(1078,10,221,'Сант '),(1079,10,224,'Сүмбэр '),(1080,10,224,'Жавхлант '),(1081,10,227,'Баянбүрд '),(1082,10,227,'Хайрхан '),(1083,10,227,'Хөшиг '),(1084,10,227,'Эрдэнэ-Уул '),(1085,10,227,'Авдар '),(1086,10,231,'Талын уул '),(1087,10,231,'Хар чулуут '),(1088,10,231,'Асгат '),(1089,10,233,'Оргил '),(1090,10,233,'Талын хайрхан '),(1091,10,233,'Майхан '),(1092,10,233,'Сүүл буга '),(1093,10,233,'Хүүлэй хан '),(1094,10,237,'Өгөөмөр '),(1095,10,237,'Чулуут '),(1096,10,237,'Баянтуул '),(1097,10,237,'Хушинга '),(1098,10,237,'Тамган '),(1099,10,241,'Баян-Уул '),(1100,10,241,'Баргилт '),(1101,10,241,'Буянт '),(1102,10,241,'Угалзат '),(1103,10,241,'Улаанхудаг '),(1104,20,244,'1-р баг'),(1105,20,244,'2-р баг'),(1106,20,244,'3-р баг'),(1107,20,244,'4-р баг'),(1108,20,244,'5-р баг'),(1109,20,244,'6-р баг'),(1110,20,244,'7-р баг'),(1111,20,244,'8-р баг'),(1112,20,244,'9-р баг'),(1113,20,244,'10-р баг'),(1114,20,244,'11-р баг'),(1115,20,249,'Шанд '),(1116,20,249,'Зүүн туруун'),(1117,20,249,'Туруун '),(1118,20,249,'Баян-Айраг '),(1119,20,252,'Гурван жигэртэй'),(1120,20,252,'Хар алтад'),(1121,20,252,'Байшинт'),(1122,20,254,'Торхилог '),(1123,20,254,'Зүүнхөвөө '),(1124,20,254,'Хандгайт '),(1125,20,256,'Айраг нуур '),(1126,20,256,'Хармагт '),(1127,20,256,'Хяргас нуур '),(1128,20,256,'Шар булаг '),(1129,20,259,'Баяннуур '),(1130,20,259,'Өгөөмөр '),(1131,20,259,'Суврага '),(1132,20,259,'Тохой '),(1133,20,259,'Зэлийн гол '),(1134,20,262,'Даланбулаг '),(1135,20,262,'Баянгол'),(1136,20,262,'Жаргалант '),(1137,20,262,'Хайрхан '),(1138,20,246,'Баянмандал'),(1139,20,246,'Цалгар '),(1140,20,246,'Баянхайрхан '),(1141,20,246,'Баян-Эрдэнэ '),(1142,20,248,'Гүн бүрд '),(1143,20,248,'Алдар '),(1144,20,248,'Хужирт '),(1145,20,248,'Улаан-Үзүүр'),(1146,20,251,'Чаргат '),(1147,20,251,'Өлгий нуур '),(1148,20,251,'Хулст нуур '),(1149,20,251,'Хөдөлмөр '),(1150,20,253,'Холбоо '),(1151,20,253,'Улиаст '),(1152,20,253,'Орлого '),(1153,20,253,'Баянгол '),(1154,20,253,'Намир '),(1155,20,257,'Цалуу '),(1156,20,257,'Батсайхан '),(1157,20,257,'Цагааннуур '),(1158,20,257,'Жаргалант'),(1159,20,257,'Цэцэрлэг '),(1160,20,260,'Баянзүрх '),(1161,20,260,'Боршоо '),(1162,20,260,'Өндөр мод '),(1163,20,260,'Үүрэг нуур '),(1164,20,260,'Хар мод '),(1165,20,245,'Бургастай '),(1166,20,245,'Тарвагатай '),(1167,20,245,'Мянган'),(1168,20,245,'Толь '),(1169,20,245,'Хөхөө'),(1170,20,245,'Хархираа '),(1171,20,247,'Баянхайрхан '),(1172,20,247,'Аршаант '),(1173,20,247,'Эрдэнэхайрхан '),(1174,20,250,'1-р баг'),(1175,20,250,'2-р баг'),(1176,20,250,'3-р баг'),(1177,20,250,'4-р баг'),(1178,20,250,'5-р баг'),(1179,20,250,'6-р баг'),(1180,20,250,'7-р баг'),(1181,20,250,'8-р баг'),(1182,20,250,'9-р баг'),(1183,20,250,'10-р баг'),(1184,20,255,'Ховд '),(1185,20,255,'Шивэр'),(1186,20,255,'Ачит '),(1187,20,255,'Халиунбулаг '),(1188,20,258,'Хангай'),(1189,20,258,'Бугат '),(1190,20,258,'Хайрхан'),(1191,20,258,'Дэлгэр '),(1192,20,261,'Хунт '),(1193,20,261,'Хулж '),(1194,20,261,'Арбулаг '),(1195,20,261,'Даланхуруу '),(1196,19,263,'Алагтолгой '),(1197,19,263,'Баатархайрхан'),(1198,19,263,'Бичигт '),(1199,19,263,'Бугат '),(1200,19,263,'Буянт '),(1201,19,263,'Жаргалан '),(1202,19,263,'Магсаржав '),(1203,19,263,'Наран '),(1204,19,263,'Рашаант '),(1205,19,263,'Тахилт '),(1206,19,263,'Хайрхан '),(1207,19,263,'Цамбагарав '),(1208,19,269,'Бодонч '),(1209,19,269,'Алтангадас'),(1210,19,269,'Барлаг '),(1211,19,269,'Тахилт '),(1212,19,272,'Баянгол '),(1213,19,272,'Баянсудал'),(1214,19,272,'Байтаг '),(1215,19,272,'Алагтолгой '),(1216,19,272,'Далт '),(1217,19,272,'Бүрэнхайрхан '),(1218,19,275,'Нарийн гол '),(1219,19,275,'Цагаанбургас '),(1220,19,275,'Наранхайрхан '),(1221,19,275,'Цагаан-Эрэг '),(1222,19,275,'Норжинхайрхан '),(1223,19,277,'Булаг '),(1224,19,277,'Дэлгэр '),(1225,19,277,'Мөрөн '),(1226,19,277,'Мөнгөн аяга '),(1227,19,277,'Булган '),(1228,19,264,'Агваш '),(1229,19,264,'Сээр '),(1230,19,264,'Аргалант '),(1231,19,264,'Өгөөмөр '),(1232,19,266,'Шивэр '),(1233,19,266,'Хөх бэлчир'),(1234,19,266,'Цагаан бургас '),(1235,19,266,'Босго '),(1236,19,267,'Гүвээ '),(1237,19,267,'Бургасан '),(1238,19,267,'Бураа '),(1239,19,267,'Эхэн '),(1240,19,267,'Хөндлөн '),(1241,19,270,'Тахилт '),(1242,19,270,'Зэрэг гол '),(1243,19,270,'Улаан хүрээ '),(1244,19,270,'Баянгол '),(1245,19,270,'Ботгон '),(1246,19,270,'Төгрөг гол '),(1247,19,274,'Алаг '),(1248,19,274,'Борт '),(1249,19,274,'Хаг '),(1250,19,274,'Сэнхэр '),(1251,19,276,'Цэцэг гол '),(1252,19,276,'Хужирт '),(1253,19,276,'Баянхайрхан'),(1254,19,276,'Давст'),(1255,19,276,'Улаантолгой '),(1256,19,279,'Чацаргант '),(1257,19,279,'Баянбулаг '),(1258,19,279,'Гахайт '),(1259,19,279,'Цагаанбулан'),(1260,19,279,'Баянхошуу'),(1261,19,265,'Цагаантүнгэ '),(1262,19,265,'Нарийн гол '),(1263,19,265,'Жаргалан '),(1264,19,265,'Улиаст '),(1265,19,265,'Хөх үзүүр '),(1266,19,268,'Баянбулаг '),(1267,19,268,'Цагаанбургас '),(1268,19,268,'Баруун салаа '),(1269,19,268,'Улаанбураа '),(1270,19,268,'Дунд ус '),(1271,19,271,'Хажинга '),(1272,19,271,'Баянгол '),(1273,19,271,'Баян-Овоо '),(1274,19,271,'Цэцэг нуур '),(1275,19,271,'Хөшөөт '),(1276,19,273,'Талын булаг '),(1277,19,273,'Тахилт '),(1278,19,273,'Баянхайрхан '),(1279,19,273,'Сүлжээ '),(1280,19,273,'Урд гол '),(1281,19,273,'Жаргалант '),(1282,19,278,'Баянгол '),(1283,19,278,'Намаржин '),(1284,19,278,'Хонгио '),(1285,19,278,'Шураг '),(1286,19,278,'Хар ус '),(1287,18,280,'1-р баг'),(1288,18,280,'2-р баг'),(1289,18,280,'3-р баг'),(1290,18,280,'4-р баг'),(1291,18,280,'5-р баг'),(1292,18,280,'6-р баг'),(1293,18,280,'7-р баг'),(1294,18,280,'8-р баг'),(1295,18,280,'9-р баг'),(1296,18,280,'10-р баг'),(1297,18,280,'11-р баг'),(1298,18,280,'12-р баг'),(1299,18,280,'13-р баг'),(1300,18,287,'Шувуут '),(1301,18,287,'Ужиг /Цагаан бэлчир/ '),(1302,18,287,'Яргис '),(1303,18,287,'Цагаан бургас '),(1304,18,287,'Манхан '),(1305,18,287,'Хатгал тосон'),(1306,18,290,'Хавтага '),(1307,18,290,'Бор гол '),(1308,18,290,'Бэл булаг '),(1309,18,290,'Сүмбэр '),(1310,18,290,'Тарган нуур '),(1311,18,290,'Урт булаг '),(1312,18,293,'Эмт '),(1313,18,293,'Хайс '),(1314,18,293,'Тоом '),(1315,18,293,'Агар '),(1316,18,293,'Бэлтэс '),(1317,18,296,'Сангийн далай'),(1318,18,296,'Их-Уул '),(1319,18,296,'Бүрэнхаан '),(1320,18,296,'Туяа '),(1321,18,296,'Эрчим'),(1322,18,296,'Баянхошуу '),(1323,18,299,'Нүхт '),(1324,18,299,'Зүрх'),(1325,18,299,'Хужирт '),(1326,18,299,'Рашаант '),(1327,18,299,'Галт '),(1328,18,302,'Хөнжил '),(1329,18,302,'Цэцүүх '),(1330,18,302,'Цагаан бургас'),(1331,18,302,'Харгана'),(1332,18,302,'Төвийн '),(1333,18,282,'Шивээ '),(1334,18,282,'Асгат '),(1335,18,282,'Их-Уул '),(1336,18,282,'Мандал'),(1337,18,282,'Сэлэнгэ '),(1338,18,284,'Тээл '),(1339,18,284,'Талын ус '),(1340,18,284,'Энх тал '),(1341,18,284,'Цэнгэл '),(1342,18,284,'Их ац '),(1343,18,288,'Хөндий '),(1344,18,288,'Хоолойн зах '),(1345,18,288,'Ходон '),(1346,18,288,'Далайн зах '),(1347,18,288,'Ёлт '),(1348,18,288,'Зөөлөн '),(1349,18,291,'Мандал '),(1350,18,291,'Ар тархи '),(1351,18,291,'Таван толгой '),(1352,18,291,'Сэлэнгэ '),(1353,18,291,'Баянхошуу '),(1354,18,291,'Давааны ар '),(1355,18,294,'Мухар хөндий '),(1356,18,294,'Сэлэнгэ'),(1357,18,294,'Тээл'),(1358,18,294,'Сүүл Улаан '),(1359,18,294,'Цэнгэл'),(1360,18,297,'Жаргалант '),(1361,18,297,'Нарийн '),(1362,18,297,'Тариат '),(1363,18,297,'Тээл '),(1364,18,297,'Сумын төв '),(1365,18,300,'Зуны гол'),(1366,18,300,'Навчилтай'),(1367,18,300,'Баян-Эрхэт '),(1368,18,300,'Алтгана '),(1369,18,300,'Бийж '),(1370,18,300,'Сумын төв '),(1371,18,281,'Шивлэг '),(1372,18,281,'Тоом '),(1373,18,281,'Мунгараг '),(1374,18,281,'Соёо '),(1375,18,281,'Төгөл '),(1376,18,283,'Тураг '),(1377,18,283,'Хороо '),(1378,18,283,'Турт /төвийн баг/'),(1379,18,285,'Төвийн '),(1380,18,285,'Тайга'),(1381,18,286,'Агар '),(1382,18,286,'Өвгөд '),(1383,18,286,'Тосон '),(1384,18,286,'Хужирт '),(1385,18,286,'Шарга '),(1386,18,286,'Жаргалант '),(1387,18,289,'Уйлган'),(1388,18,289,'Үүр '),(1389,18,289,'Дархит '),(1390,18,289,'Булган'),(1391,18,292,'Дэлгэрхаан '),(1392,18,292,'Зуун мод '),(1393,18,292,'Могой /Рэнчинжугнай/ '),(1394,18,292,'Согоот '),(1395,18,292,'Халбан '),(1396,18,292,'Жаргалант '),(1397,18,292,'Бүрхээр '),(1398,18,295,'Шивэрт '),(1399,18,295,'Ёлгос '),(1400,18,295,'Улаан асга '),(1401,18,295,'Хөхөө '),(1402,18,295,'Хайрхан толгой '),(1403,18,298,'Сангийн далай'),(1404,18,298,'Баяннуур '),(1405,18,298,'Баянзүрх '),(1406,18,298,'Нүхт '),(1407,18,301,'Бөөрөлж '),(1408,18,301,'Булган тал '),(1409,18,301,'Зэрлэг '),(1410,18,301,'Дуурга'),(1411,18,301,'Удган '),(1412,13,321,'1-р баг'),(1413,13,321,'2-р баг'),(1414,13,321,'3-р баг'),(1415,13,321,'4-р баг'),(1416,13,321,'5-р баг'),(1417,13,321,'6-р баг'),(1418,13,321,'7-р баг'),(1419,13,321,'8-р баг'),(1420,13,321,'9-р баг'),(1421,13,321,'10-р баг'),(1422,13,321,'11-р баг'),(1423,13,321,'12-р баг'),(1424,13,321,'13-р баг'),(1425,13,321,'14-р баг'),(1426,13,321,'15-р баг'),(1427,13,321,'16-р баг'),(1428,13,322,'Баян-Өлзийт'),(1429,13,322,'Энхтал '),(1430,13,323,'1-р баг'),(1431,13,323,'2-р баг'),(1432,13,323,'Салхит баг'),(1433,13,324,'Хайрхан '),(1434,13,324,'Дархан '),(1435,13,324,'Санжинт '),(1436,16,326,'Зэст '),(1437,16,326,'Оюут'),(1438,16,326,'Уурхайчин '),(1439,16,326,'Хүрэнбулаг '),(1440,16,326,'Уртбулаг '),(1441,16,326,'Согоот'),(1442,16,326,'Дэнж '),(1443,16,326,'Бүрэнбүст '),(1444,16,326,'Шанд '),(1445,16,326,'Наран '),(1446,16,326,'Цагаанчулуут '),(1447,16,326,'Булаг '),(1448,16,326,'Баянцагаан '),(1449,16,326,'Говил '),(1450,16,326,'Рашаант '),(1451,16,326,'Малчин'),(1452,16,326,'Эрдэнэ'),(1453,16,326,'Баянбулаг'),(1454,16,326,'Их залуу'),(1455,16,325,'Улаантолгой '),(1456,16,325,'Жаргалант '),(1457,16,325,'Дулаан-Уул '),(1458,11,327,'1-р баг'),(1459,11,327,'2-р баг'),(1460,11,327,'3-р баг'),(1461,11,327,'4-р баг'),(1462,11,327,'5-р баг'),(1463,11,327,'6-р баг'),(1464,11,329,'1-р баг'),(1465,11,329,'2-р баг'),(1466,11,328,'1-р баг'),(1467,11,328,'2-р баг'),(1468,22,330,'1-р хороо'),(1469,22,330,'2-р хороо'),(1470,22,330,'3-р хороо'),(1471,22,330,'4-р хороо'),(1472,22,330,'5-р хороо'),(1473,22,331,'1-р хороо'),(1474,22,331,'2-р хороо'),(1475,22,333,'1-р хороо'),(1476,22,333,'2-р хороо'),(1477,22,333,'3-р хороо'),(1478,22,333,'4-р хороо'),(1479,22,333,'5-р хороо'),(1480,22,333,'6-р хороо'),(1481,22,333,'7-р хороо'),(1482,22,333,'8-р хороо'),(1483,22,333,'9-р хороо'),(1484,22,333,'10-р хороо'),(1485,22,333,'11-р хороо'),(1486,22,333,'12-р хороо'),(1487,22,333,'13-р хороо'),(1488,22,333,'14-р хороо'),(1489,22,333,'15-р хороо'),(1490,22,333,'16-р хороо'),(1491,22,333,'17-р хороо'),(1492,22,333,'18-р хороо'),(1493,22,333,'19-р хороо'),(1494,22,333,'20-р хороо'),(1495,22,333,'21-р хороо'),(1496,22,333,'22-р хороо'),(1497,22,333,'23-р хороо'),(1498,22,336,'1-р хороо'),(1499,22,336,'26-р хороо'),(1500,22,336,'2-р хороо'),(1501,22,336,'27-р хороо'),(1502,22,336,'3-р хороо'),(1503,22,336,'28-р хороо'),(1504,22,336,'4-р хороо'),(1505,22,336,'5-р хороо'),(1506,22,336,'6-р хороо'),(1507,22,336,'7-р хороо'),(1508,22,336,'8-р хороо'),(1509,22,336,'9-р хороо'),(1510,22,336,'10-р хороо'),(1511,22,336,'11-р хороо'),(1512,22,336,'12-р хороо'),(1513,22,336,'13-р хороо'),(1514,22,336,'14-р хороо'),(1515,22,336,'15-р хороо'),(1516,22,336,'16-р хороо'),(1517,22,336,'17-р хороо'),(1518,22,336,'18-р хороо'),(1519,22,336,'19-р хороо'),(1520,22,336,'20-р хороо'),(1521,22,336,'21-р хороо'),(1522,22,336,'22-р хороо'),(1523,22,336,'23-р хороо'),(1524,22,336,'24-р хороо'),(1525,22,336,'25-р хороо'),(1526,22,332,'1-р хороо'),(1527,22,332,'2-р хороо'),(1528,22,332,'3-р хороо'),(1529,22,332,'4-р хороо'),(1530,22,332,'5-р хороо'),(1531,22,332,'6-р хороо'),(1532,22,332,'7-р хороо'),(1533,22,334,'1-р хороо'),(1534,22,334,'26-р хороо'),(1535,22,334,'2-р хороо'),(1536,22,334,'27-р хороо'),(1537,22,334,'3-р хороо'),(1538,22,334,'28-р хороо'),(1539,22,334,'4-р хороо'),(1540,22,334,'29-р хороо'),(1541,22,334,'5-р хороо'),(1542,22,334,'30-р хороо'),(1543,22,334,'6-р хороо'),(1544,22,334,'31-р хороо'),(1545,22,334,'7-р хороо'),(1546,22,334,'32-р хороо'),(1547,22,334,'8-р хороо'),(1548,22,334,'9-р хороо'),(1549,22,334,'10-р хороо'),(1550,22,334,'11-р хороо'),(1551,22,334,'12-р хороо'),(1552,22,334,'13-р хороо'),(1553,22,334,'14-р хороо'),(1554,22,334,'15-р хороо'),(1555,22,334,'16-р хороо'),(1556,22,334,'17-р хороо'),(1557,22,334,'18-р хороо'),(1558,22,334,'19-р хороо'),(1559,22,334,'20-р хороо'),(1560,22,334,'21-р хороо'),(1561,22,334,'22-р хороо'),(1562,22,334,'23-р хороо'),(1563,22,334,'24-р хороо'),(1564,22,334,'25-р хороо'),(1565,22,338,'1-р хороо'),(1566,22,338,'2-р хороо'),(1567,22,338,'3-р хороо'),(1568,22,338,'4-р хороо'),(1569,22,338,'5-р хороо'),(1570,22,338,'6-р хороо'),(1571,22,338,'7-р хороо'),(1572,22,338,'8-р хороо'),(1573,22,338,'9-р хороо'),(1574,22,338,'10-р хороо'),(1575,22,338,'11-р хороо'),(1576,22,338,'12-р хороо'),(1577,22,338,'13-р хороо'),(1578,22,338,'14-р хороо'),(1579,22,338,'15-р хороо'),(1580,22,338,'16-р хороо'),(1581,22,338,'17-р хороо'),(1582,22,338,'18-р хороо'),(1583,22,338,'19-р хороо'),(1584,22,338,'20-р хороо'),(1585,22,335,'1-р хороо'),(1586,22,335,'2-р хороо'),(1587,22,335,'3-р хороо'),(1588,22,335,'4-р хороо'),(1589,22,335,'5-р хороо'),(1590,22,335,'6-р хороо'),(1591,22,335,'7-р хороо'),(1592,22,335,'8-р хороо'),(1593,22,335,'9-р хороо'),(1594,22,335,'10-р хороо'),(1595,22,335,'11-р хороо'),(1596,22,335,'12-р хороо'),(1597,22,335,'13-р хороо'),(1598,22,335,'14-р хороо'),(1599,22,335,'15-р хороо'),(1600,22,335,'16-р хороо'),(1601,22,337,'1-р хороо'),(1602,22,337,'2-р хороо'),(1603,22,337,'3-р хороо'),(1604,22,337,'4-р хороо'),(1605,22,337,'5-р хороо'),(1606,22,337,'6-р хороо'),(1607,22,337,'7-р хороо'),(1608,22,337,'8-р хороо'),(1609,22,337,'9-р хороо'),(1610,22,337,'10-р хороо'),(1611,22,337,'11-р хороо'),(1612,22,337,'12-р хороо'),(1613,22,337,'13-р хороо'),(1614,22,337,'14-р хороо'),(1615,22,337,'15-р хороо'),(1616,22,337,'16-р хороо'),(1617,22,337,'17-р хороо'),(1618,22,337,'18-р хороо'),(1619,22,337,'19-р хороо'),(1620,9,303,'Хэрлэн '),(1621,9,303,'Булаг '),(1622,9,303,'Баянмөнх '),(1623,9,303,'Сариг '),(1624,9,303,'Өндөрхаан'),(1625,9,303,'Цогт-Өндөр '),(1626,9,303,'Номгон'),(1627,9,303,'Ишгэн толгой'),(1628,9,307,'Эрдэнэчандмань '),(1629,9,307,'Эхэнбүрд '),(1630,9,307,'Баян '),(1631,9,307,'Баянбулаг '),(1632,9,307,'Идэрмэг '),(1633,9,307,'Дундбүрд '),(1634,9,307,'Бэрх '),(1635,9,311,'Хурх '),(1636,9,311,'Барх '),(1637,9,311,'Онон '),(1638,9,311,'Норовлин '),(1639,9,313,'Сайхан '),(1640,9,313,'Жаргалант '),(1641,9,313,'Адарга '),(1642,9,313,'Дуурлиг '),(1643,9,316,'Баянбулаг '),(1644,9,316,'Хэрлэн '),(1645,9,316,'Дулаан '),(1646,9,316,'Улаан-Эрэг '),(1647,9,318,'Дэлгэрхаан '),(1648,9,318,'Наран '),(1649,9,318,'Сүмбэр '),(1650,9,318,'Жавхлант '),(1651,9,304,'Жаргалант'),(1652,9,304,'Улаан-Өндөр '),(1653,9,304,'Цантын хоолой'),(1654,9,306,'Баян-Өндөр '),(1655,9,306,'Мандалхаан '),(1656,9,306,'Баянгол '),(1657,9,306,'Дэлгэрхаан '),(1658,9,306,'Онон '),(1659,9,308,'Арвин'),(1660,9,308,'Буянтбулаг'),(1661,9,308,'Жаргалант'),(1662,9,308,'Баянбадрал '),(1663,9,308,'Сангийн далай '),(1664,9,308,'Оч'),(1665,9,312,'Баян-Овоо '),(1666,9,312,'Балж '),(1667,9,312,'Агац '),(1668,9,312,'Онон '),(1669,9,314,'Дотуур булаг '),(1670,9,314,'Хараат '),(1671,9,314,'Шажин '),(1672,9,314,'Мэргэн хошуу '),(1673,9,317,'Хэрлэнбаян улаан'),(1674,9,317,'Долоод '),(1675,9,317,'Аварга '),(1676,9,317,'Хэрлэн тооно '),(1677,9,319,'Гичгэнэ '),(1678,9,319,'Баянцогт '),(1679,9,319,'Баян-Эрдэнэ '),(1680,9,319,'Чулуут '),(1681,9,319,'Төвийн '),(1682,9,305,'Зөөлөн '),(1683,9,305,'Өлзийт'),(1684,9,305,'Бүрээт '),(1685,9,305,'Цагаан толгой '),(1686,9,305,'Чандган '),(1687,9,309,'Баян-Өлзийт '),(1688,9,309,'Ангирт '),(1689,9,309,'Онон '),(1690,9,309,'Төвийн'),(1691,9,310,'Наран '),(1692,9,310,'Баянзүрх '),(1693,9,310,'Хэнтий '),(1694,9,310,'Талын булаг '),(1695,9,310,'Чандган '),(1696,9,310,'Төвийн '),(1697,9,310,'Гурванбаян '),(1698,9,315,'Нугаар '),(1699,9,315,'Согоот '),(1700,9,315,'Хужхан '),(1701,9,315,'Баянмод '),(1702,9,320,'1-р баг'),(1703,9,320,'2-р баг'),(1704,9,320,'3-р баг'),(1705,9,320,'4-р баг'),(1706,9,320,'5-р баг'),(1707,9,320,'6-р баг');
/*!40000 ALTER TABLE `sub_region` ENABLE KEYS */;
UNLOCK TABLES;
/*!40103 SET TIME_ZONE=@OLD_TIME_ZONE */;

/*!40101 SET SQL_MODE=@OLD_SQL_MODE */;
/*!40014 SET FOREIGN_KEY_CHECKS=@OLD_FOREIGN_KEY_CHECKS */;
/*!40014 SET UNIQUE_CHECKS=@OLD_UNIQUE_CHECKS */;
/*!40101 SET CHARACTER_SET_CLIENT=@OLD_CHARACTER_SET_CLIENT */;
/*!40101 SET CHARACTER_SET_RESULTS=@OLD_CHARACTER_SET_RESULTS */;
/*!40101 SET COLLATION_CONNECTION=@OLD_COLLATION_CONNECTION */;
/*!40111 SET SQL_NOTES=@OLD_SQL_NOTES */;

-- Dump completed on 2021-06-08 15:34:54
